id,name,model_id:id,group_id:id,perm_read,perm_write,perm_create,perm_unlink
access_bambus_hr_att_sheet_user,bambus.hr.attendance.sheet user,model_bambus_hr_attendance_sheet,hr.group_hr_user,1,1,1,0
access_bambus_hr_att_sheet_manager,bambus.hr.attendance.sheet manager,model_bambus_hr_attendance_sheet,hr.group_hr_manager,1,1,1,1
access_bambus_hr_att_sheet_line_user,bambus.hr.attendance.sheet.line user,model_bambus_hr_attendance_sheet_line,hr.group_hr_user,1,1,1,0
access_bambus_hr_att_sheet_line_manager,bambus.hr.attendance.sheet.line manager,model_bambus_hr_attendance_sheet_line,hr.group_hr_manager,1,1,1,1
access_bambus_hr_ot_wiz,bambus.hr.overtime.wizard,model_bambus_hr_overtime_wizard,hr.group_hr_user,1,1,1,0
access_bambus_hr_fine_wiz,bambus.hr.fine.wizard,model_bambus_hr_fine_wizard,hr.group_hr_user,1,1,1,0
access_bambus_hr_leave_wiz,bambus.hr.leave.quick.wizard,model_bambus_hr_leave_quick_wizard,hr.group_hr_user,1,1,1,0
access_bambus_hr_att_multi_wiz,bambus.hr.attendance.multi.wizard,model_bambus_hr_attendance_multi_wizard,hr.group_hr_user,1,1,1,0
access_bambus_hr_att_multi_wiz_line,bambus.hr.attendance.multi.wizard.line,model_bambus_hr_attendance_multi_wizard_line,hr.group_hr_user,1,1,1,0
